<PAMDataset>
  <PAMRasterBand band="1">
    <Histograms>
      <HistItem>
        <HistMin>103.5034965034965</HistMin>
        <HistMax>246.4965034965035</HistMax>
        <BucketCount>143</BucketCount>
        <IncludeOutOfRange>0</IncludeOutOfRange>
        <Approximate>1</Approximate>
        <HistCounts>0|0|0|0|0|0|0|0|0|0|0|0|0|0|0|0|0|0|0|0|0|0|0|0|0|0|0|0|0|0|0|0|0|1|0|0|0|0|0|0|0|0|0|1|2|0|3|1|1|0|0|3|1|2|2|2|6|5|10|6|12|10|17|17|19|21|16|22|16|18|30|25|31|30|30|24|22|20|19|32|23|19|19|21|25|24|26|24|31|25|23|24|25|30|31|17|30|31|26|38|36|28|22|32|35|40|43|28|33|19|29|22|17|13|19|17|14|19|9|8|13|4|13|7|5|8|7|3|2|2|2|0|2|0|0|0|0|0|0|0|0|0|0</HistCounts>
      </HistItem>
    </Histograms>
  </PAMRasterBand>
</PAMDataset>
